{
  "apple_iphone_15_pro": {
    "id": "apple_iphone_15_pro",
    "brand": "apple",
    "model": "iphone 15 pro",
    "attributes": {
      "Performance": 5,
      "Camera": 4.90105620855803,
      "Display": 10,
      "BatteryEndurance": 9.9,
      "SoftwareExperience": 9.8,
      "LongevityValue": 5,
      "DesignBuild": 10
    },
    "latentSignature": [
      0.490105620855803,
      0.99,
      0.5,
      1,
      0.9800000000000001,
      1,
      0.5,
      0,
      0,
      0,
      0,
      0,
      0,
      0,
      0,
      0,
      0,
      0,
      0,
      0,
      0,
      0,
      0,
      0,
      0,
      0,
      0,
      0
    ],
    "price_usd": 800,
    "flags": []
  },
  "apple_iphone_17_pro_max": {
    "id": "apple_iphone_17_pro_max",
    "brand": "apple",
    "model": "iphone 17 pro max",
    "attributes": {
      "Performance": 7.933858671331224,
      "Camera": 5.955323035132496,
      "Display": 7.488135456452207,
      "BatteryEndurance": 9.83,
      "SoftwareExperience": 9.8,
      "LongevityValue": 9.8,
      "DesignBuild": 7.488135456452207
    },
    "latentSignature": [
      0.5955323035132496,
      0.983,
      0.7933858671331224,
      0.7488135456452207,
      0.9800000000000001,
      0.7488135456452207,
      0.9800000000000001,
      0,
      0,
      0,
      0,
      0,
      0,
      0,
      0,
      0,
      0,
      0,
      0,
      0,
      0,
      0,
      0,
      0,
      0,
      0,
      0,
      0
    ],
    "price_usd": 1199,
    "flags": []
  },
  "apple_iphone_se_4": {
    "id": "apple_iphone_se_4",
    "brand": "apple",
    "model": "iphone se 4",
    "attributes": {
      "Performance": 5,
      "Camera": 6.854260058210722,
      "Display": 10,
      "BatteryEndurance": 9.9,
      "SoftwareExperience": 9.8,
      "LongevityValue": 9.8,
      "DesignBuild": 10
    },
    "latentSignature": [
      0.6854260058210722,
      0.99,
      0.5,
      1,
      0.9800000000000001,
      1,
      0.9800000000000001,
      0,
      0,
      0,
      0,
      0,
      0,
      0,
      0,
      0,
      0,
      0,
      0,
      0,
      0,
      0,
      0,
      0,
      0,
      0,
      0,
      0
    ],
    "price_usd": 220.00000000000003,
    "flags": []
  },
  "google_pixel_10": {
    "id": "google_pixel_10",
    "brand": "google",
    "model": "pixel 10",
    "attributes": {
      "Performance": 7.975102555795416,
      "Camera": 7.933858671331224,
      "Display": 10,
      "BatteryEndurance": 9.81,
      "SoftwareExperience": 9.8,
      "LongevityValue": 9.8,
      "DesignBuild": 10
    },
    "latentSignature": [
      0.7933858671331224,
      0.9810000000000001,
      0.7975102555795416,
      1,
      0.9800000000000001,
      1,
      0.9800000000000001,
      0,
      0,
      0,
      0,
      0,
      0,
      0,
      0,
      0,
      0,
      0,
      0,
      0,
      0,
      0,
      0,
      0,
      0,
      0,
      0,
      0
    ],
    "price_usd": 799,
    "flags": []
  },
  "honor_magic_7_pro": {
    "id": "honor_magic_7_pro",
    "brand": "honor",
    "model": "magic 7 pro",
    "attributes": {
      "Performance": 7.488135456452207,
      "Camera": 4.928722320457602,
      "Display": 10,
      "BatteryEndurance": 9.9,
      "SoftwareExperience": 9.8,
      "LongevityValue": 9.8,
      "DesignBuild": 10
    },
    "latentSignature": [
      0.49287223204576025,
      0.99,
      0.7488135456452207,
      1,
      0.9800000000000001,
      1,
      0.9800000000000001,
      0,
      0,
      0,
      0,
      0,
      0,
      0,
      0,
      0,
      0,
      0,
      0,
      0,
      0,
      0,
      0,
      0,
      0,
      0,
      0,
      0
    ],
    "price_usd": 800,
    "flags": []
  },
  "nothing_phone_3": {
    "id": "nothing_phone_3",
    "brand": "nothing",
    "model": "phone 3",
    "attributes": {
      "Performance": 8.434951949773033,
      "Camera": 7.35614441790478,
      "Display": 10,
      "BatteryEndurance": 9.86,
      "SoftwareExperience": 9.8,
      "LongevityValue": 9.8,
      "DesignBuild": 10
    },
    "latentSignature": [
      0.735614441790478,
      0.986,
      0.8434951949773033,
      1,
      0.9800000000000001,
      1,
      0.9800000000000001,
      0,
      0,
      0,
      0,
      0,
      0,
      0,
      0,
      0,
      0,
      0,
      0,
      0,
      0,
      0,
      0,
      0,
      0,
      0,
      0,
      0
    ],
    "price_usd": 799,
    "flags": []
  },
  "oneplus_13": {
    "id": "oneplus_13",
    "brand": "oneplus",
    "model": "13",
    "attributes": {
      "Performance": 6.882750111749895,
      "Camera": 6.126511998082869,
      "Display": 10,
      "BatteryEndurance": 10,
      "SoftwareExperience": 9.8,
      "LongevityValue": 9.8,
      "DesignBuild": 10
    },
    "latentSignature": [
      0.6126511998082869,
      1,
      0.6882750111749896,
      1,
      0.9800000000000001,
      1,
      0.9800000000000001,
      0,
      0,
      0,
      0,
      0,
      0,
      0,
      0,
      0,
      0,
      0,
      0,
      0,
      0,
      0,
      0,
      0,
      0,
      0,
      0,
      0
    ],
    "price_usd": 899.99,
    "flags": []
  },
  "samsung_galaxy_s25": {
    "id": "samsung_galaxy_s25",
    "brand": "samsung",
    "model": "galaxy s25",
    "attributes": {
      "Performance": 7.746950033224564,
      "Camera": 6.17339509722988,
      "Display": 7.933858671331224,
      "BatteryEndurance": 9.9,
      "SoftwareExperience": 9.8,
      "LongevityValue": 9.8,
      "DesignBuild": 7.933858671331224
    },
    "latentSignature": [
      0.617339509722988,
      0.99,
      0.7746950033224564,
      0.7933858671331224,
      0.9800000000000001,
      0.7933858671331224,
      0.9800000000000001,
      0,
      0,
      0,
      0,
      0,
      0,
      0,
      0,
      0,
      0,
      0,
      0,
      0,
      0,
      0,
      0,
      0,
      0,
      0,
      0,
      0
    ],
    "price_usd": 799,
    "flags": []
  },
  "samsung_galaxy_z_flip_7": {
    "id": "samsung_galaxy_z_flip_7",
    "brand": "samsung",
    "model": "galaxy z flip 7",
    "attributes": {
      "Performance": 5,
      "Camera": 7.746950033224564,
      "Display": 7.746950033224564,
      "BatteryEndurance": 9.85,
      "SoftwareExperience": 9.8,
      "LongevityValue": 9.8,
      "DesignBuild": 7.746950033224564
    },
    "latentSignature": [
      0.7746950033224564,
      0.985,
      0.5,
      0.7746950033224564,
      0.9800000000000001,
      0.7746950033224564,
      0.9800000000000001,
      0,
      0,
      0,
      0,
      0,
      0,
      0,
      0,
      0,
      0,
      0,
      0,
      0,
      0,
      0,
      0,
      0,
      0,
      0,
      0,
      0
    ],
    "price_usd": 1099,
    "flags": []
  },
  "samsung_galaxy_z_fold_7": {
    "id": "samsung_galaxy_z_fold_7",
    "brand": "samsung",
    "model": "galaxy z fold 7",
    "attributes": {
      "Performance": 6.854260058210722,
      "Camera": 7.488135456452207,
      "Display": 10,
      "BatteryEndurance": 9.85,
      "SoftwareExperience": 9.8,
      "LongevityValue": 9.8,
      "DesignBuild": 10
    },
    "latentSignature": [
      0.7488135456452207,
      0.985,
      0.6854260058210722,
      1,
      0.9800000000000001,
      1,
      0.9800000000000001,
      0,
      0,
      0,
      0,
      0,
      0,
      0,
      0,
      0,
      0,
      0,
      0,
      0,
      0,
      0,
      0,
      0,
      0,
      0,
      0,
      0
    ],
    "price_usd": 1999,
    "flags": []
  }
}